{
 "display": {
    "title": "Aetheria Block Museum",
	"description": "Land Info",
	"navmapThumbnail": "assets/thumbnail.jpg",
    "favicon": "favicon_asset"
   },
  "contact": {
    "name": "Momus Collection",
    "email": "Email"
  },
  "owner": "ETH Address",
  "scene": {
    "parcels": [
      "125,123",
      "125,124",
      "125,125",
      "125,126",
      "125,127",
      "125,128",
      "125,129",
      "126,123",
      "126,124",
      "126,125",
      "126,126",
      "126,127",
      "126,128",
      "126,129",
      "127,123",
      "127,124",
      "127,125",
      "127,126",
      "127,127",
      "127,128",
      "127,129",
      "128,123",
      "128,124",
      "128,125",
      "128,126",
      "128,127",
      "128,128",
      "128,129",
      "129,123",
      "129,124",
      "129,125",
      "129,126",
      "129,127",
      "129,128",
      "129,129",
      "130,123",
      "130,124",
      "130,125",
      "130,126",
      "130,127",
      "130,128",
      "130,129",
      "131,123",
      "131,124",
      "131,125",
      "131,126",
      "131,127",
      "131,128",
      "131,129"
    ],
    "base": "125,123"
  },
    "spawnPoints": [
    {
      "name": "spawn1",
      "default": true,
      "position": {
        "x": 34,
        "y": 1,
        "z": 17
      },
      "cameraTarget": {
        "x": 0,
        "y": 1,
        "z": 16
      }
    }
  ],

  "communications": {
    "type": "webrtc",
    "signalling": "https://signalling-01.decentraland.org"
  },
  "policy": {
    "contentRating": "E",
    "fly": true,
    "voiceEnabled": true,
    "blacklist": [],
    "teleportPosition": ""
  },
  "requiredPermissions": [
    "ALLOW_TO_MOVE_PLAYER_INSIDE_SCENE"
  ],
  "main": "bin/game.js",
  "tags": []
}